"Documento","Estado","Evento","Municipios","Solicitud.de.Declaratoria","Fecha.publicacion.DOF","Acuerdo.Comite.Tecnico","Sectores.Afectados","Competencia","Apoyos.Parciales.Inmdiatos","Gastos.de.Evaluacion","Anticipos","Acciones.de.Restauracion","Aportacion.FONDEN","Aportacion.Estatal","Aportacion.Dependencia.Federal","Recursos.Fondo.Guerrero","Aportacion.Total"
2013,"Chiapas","Movimiento de Ladera del 12 al 14 de septiembre de 2013",1,"18/09/13","27/09/13","SE.154.01 31-oct-13","Hidraulico","Estatal",0,NA,NA,2,958224.72,2067082.56,0,NA,3025307.28
2013,"Chiapas","Movimiento de Ladera del 12 al 14 de septiembre de 2014",1,"18/09/13","27/09/13","SE.154.01 31-oct-14","Vivienda","",0,NA,NA,379,50881824,51151040,0,NA,102032864
2013,"Chiapas","Lluvia severa los dias 12 al 15 de septiembre 2013",3,"18/09/13","27/09/13","SE.156.01 22-nov-13","Carretero","Estatal",0,NA,NA,28,51595595.14,110062118.4,0,NA,161657713.54
2013,"Chiapas","Lluvia severa los dias 12 al 15 de septiembre 2013",3,"18/09/13","27/09/13","SE.157.01 02-Dic-13","Carretero","Federal",0,NA,NA,11,86196383.2,0,0,NA,86196383.2
2013,"Chiapas","Lluvia severa los dias 12 al 15 de septiembre 2013",3,"18/09/13","27/09/13","SE. 154.02 31-oct-13","Hidraulico","Estatal",0,NA,NA,7,2019721.6,2768563.2,0,NA,4788284.8
2013,"Chiapas","Lluvia severa los dias 12 al 15 de septiembre 2013",3,"18/09/13","27/09/13","SE.156.01 22-nov-14","Hidraulico","Federal",0,NA,NA,10,60865964.44,0,0,NA,60865964.44
2013,"Chiapas","Lluvia severa los dias 12 al 15 de septiembre 2013",3,"18/09/13","27/09/13","SE. 154.02 31-oct-14","Vivienda","",0,NA,NA,12,378707.2,389460.8,0,NA,768168
2013,"Chihuahua","Lluvia Severa del 19 al 21 de septiembre",1,"23/09/13","26/09/13","SE.157.02 02-Dic-13","Hidraulico","Estatal",0,NA,NA,15,19365647.82,21486516.24,0,NA,40852164.06
2013,"Chihuahua","Lluvia Severa del 19 al 21 de septiembre",1,"23/09/13","26/09/13","SE.159.01 20-Dic-13","Hidraulico","Federal",0,NA,NA,1,31674240,0,0,NA,31674240
2013,"Chihuahua","Lluvia Severa del 19 al 21 de septiembre",1,"23/09/13","26/09/13","SE.155.02 06-11-13","Monumentos Arqueologicos, Artisticos e Historico","",0,NA,NA,1,782080,0,0,NA,782080
2013,"Chihuahua","Lluvia Severa del 19 al 21 de septiembre",1,"23/09/13","26/09/13","SE.154.03 31-oct-13","Vivienda","",0,68620,NA,45,592190.6,564075.2,0,NA,1156265.8
2013,"Chihuahua","Lluvia severa del 9 al 13 de septiembre 2013",2,"13/09/13","23/09/13","SE.156.02 22-nov-13","Hidraulico","Estatal",0,NA,NA,13,145897525.96,166804719.26,0,NA,312702245.22
2013,"Chihuahua","Lluvia severa del 9 al 13 de septiembre 2013",2,"13/09/13","23/09/13","SO.50.17 08-11-13","Hidraulico","Federal",0,NA,NA,17,96200728,0,0,NA,96200728
2013,"Chihuahua","Lluvia severa del 9 al 13 de septiembre 2013",2,"13/09/13","23/09/13","SE.154.04 31-oct-13","Vivienda","",0,122331.6,NA,116,1433782,1423385.6,0,NA,2857167.6
2013,"Colima","Tormenta tropical Manuel (Lluvia severa) del 16 y 17 de septiembre",10,"19/09/13","02/10/13","SE.154.05 31-oct-13","Carretero","Estatal",1362379.6,NA,NA,13,6367877.72,11573528.16,0,NA,17941405.88
2013,"Colima","Tormenta tropical Manuel (Lluvia severa) del 16 y 17 de septiembre",10,"19/09/13","02/10/13","SE.153.02 15-oct-2013","Carretero","Federal",0,NA,NA,4,10506267.2,0,0,NA,10506267.2
2013,"Colima","Tormenta tropical Manuel (Lluvia severa) del 16 y 17 de septiembre",10,"19/09/13","02/10/13","SE.153.02 15-oct-2013","Deportivo","Estatal",0,NA,NA,5,525439.32,996094.5,0,NA,1521533.82
2013,"Colima","Tormenta tropical Manuel (Lluvia severa) del 16 y 17 de septiembre",10,"19/09/13","02/10/13","SE.153.02 15-oct-2013","Hidraulico","Estatal",720980,NA,NA,16,2083038.12,2473002.76,0,NA,4556040.88
2013,"Colima","Tormenta tropical Manuel (Lluvia severa) del 16 y 17 de septiembre",10,"19/09/13","02/10/13","SE.153.02 15-oct-2013","Hidraulico","Federal",0,NA,NA,12,135882489.6,0,0,NA,135882489.6
2013,"Colima","Tormenta tropical Manuel (Lluvia severa) del 16 y 17 de septiembre",10,"19/09/13","02/10/13","SE.153.02 15-oct-2013","Residuos Solidos","Estatal",0,NA,NA,2,904280,2712840,0,NA,3617120
2013,"Colima","Tormenta tropical Manuel (Lluvia severa) del 16 y 17 de septiembre",10,"19/09/13","02/10/13","SE.153.02 15-oct-2013","Salud","Estatal",0,NA,NA,34,1469332.8,1889505.28,0,NA,3358838.08
2013,"Colima","Tormenta tropical Manuel (Lluvia severa) del 16 y 17 de septiembre",10,"19/09/13","02/10/13","SE.154.05 31-oct-13","Vivienda","",0,NA,NA,30,678040.8,862393.6,0,NA,1540434.4
2013,"Durango","Inundacion fluvial y pluvial (lluvia severa) del 15 al 19 de septiembre 2013",11,"20/09/13","02/10/13","SE.155.03 06-11-13","Carretero","Estatal",0,NA,NA,135,627560669.96,1106002368.16,0,NA,1733563038.12
2013,"Durango","Inundacion fluvial y pluvial (lluvia severa) del 15 al 19 de septiembre 2013",11,"20/09/13","02/10/13","SE.155.03 06-11-13","Carretero","Federal",0,NA,NA,13,187796960,0,0,NA,187796960
2013,"Durango","Inundacion fluvial y pluvial (lluvia severa) del 15 al 19 de septiembre 2013",11,"20/09/13","02/10/13","SE.155.03 06-11-13","Hidraulico","Estatal",0,NA,NA,34,24730249.44,25958212.8,0,NA,50688462.24
2013,"Durango","Inundacion fluvial y pluvial (lluvia severa) del 15 al 19 de septiembre 2013",11,"20/09/13","02/10/13","SE.155.03 06-11-13","Hidraulico","Federal",0,NA,NA,26,7294851.2,0,0,NA,7294851.2
2013,"Durango","Inundacion fluvial y pluvial (lluvia severa) del 15 al 19 de septiembre 2013",11,"20/09/13","02/10/13","SE.155.03 06-11-13","Urbano","",0,NA,NA,5,23536863.04,33246588.34,0,NA,56783451.38
2013,"Durango","Inundacion fluvial y pluvial (lluvia severa) del 15 al 19 de septiembre 2013",11,"20/09/13","02/10/13","SE.155.03 06-11-13","Vivienda","",0,NA,NA,62,1115216,1245011.2,0,NA,2360227.2
2013,"Guanajuato","Lluvia severa el dia 21 de septiembre 2013",1,"23/09/13","03/10/13","SE.155.04 06-11-13","Carretero","Estatal",0,NA,NA,12,8901735.14,20297860.86,0,NA,29199596
2013,"Guanajuato","Lluvia severa el dia 21 de septiembre 2013",1,"23/09/13","03/10/13","SE.159.03 20-Dic-13","Cultura","Estatal",0,NA,NA,2,147627,150978.1,0,NA,298605.1
2013,"Guanajuato","Lluvia severa el dia 21 de septiembre 2013",1,"23/09/13","03/10/13","SE.155.04 06-11-14","Hidraulico","Estatal",0,NA,NA,5,4814450.64,6152294.36,0,NA,10966745
2013,"Guanajuato","Lluvia severa el dia 21 de septiembre 2013",1,"23/09/13","03/10/13","SE.159.03 20-Dic-13","Hidraulico","Federal",0,NA,NA,3,36364915.2,0,0,NA,36364915.2
2013,"Guanajuato","Lluvia severa el dia 21 de septiembre 2013",1,"23/09/13","03/10/13","SE.155.04 06-11-15","Urbano","",0,NA,NA,9,1198500,8188152,0,NA,9386652
2013,"Guerrero","Lluvia severa del 15 y 16 de septiembre 2013",25,"19/09/13","30/09/13","SE.156.04 22-nov-13","Carretero","Estatal",125292600,NA,NA,342,934957804.28,939171227.38,0,NA,1874129031.66
2013,"Guerrero","Lluvia severa del 15 y 16 de septiembre 2013",25,"19/09/13","30/09/13","SE.156.08 22-nov-13","Carretero","Federal",17390000,NA,NA,18,106185408,0,0,NA,106185408
2013,"Guerrero","Lluvia severa del 15 y 16 de septiembre 2013",25,"19/09/13","30/09/13","SE.158.02 10-Dic-13","Forestal y de Viveros","Federal",0,NA,NA,8,34408967.9,0,0,NA,34408967.9
2013,"Guerrero","Lluvia severa del 15 y 16 de septiembre 2013",25,"19/09/13","30/09/13","SE. 155.07 06-11-13","Hidraulico","Estatal",0,NA,NA,34,21065324.8,21065324.8,0,NA,42130649.6
2013,"Guerrero","Lluvia severa del 15 y 16 de septiembre 2013",25,"19/09/13","30/09/13","SO.50.18 08-11-13","Hidraulico","Federal",0,NA,NA,19,0,0,263901903.64,NA,263901903.64
2013,"Guerrero","Lluvia severa del 15 y 16 de septiembre 2013",25,"19/09/13","30/09/13","SE. 155.07 06-11-13","Salud","Estatal",0,NA,NA,4,1476176,1476176,0,NA,2952352
2013,"Guerrero","Lluvia severa del 15 y 16 de septiembre 2013",25,"19/09/13","30/09/13","SE. 155.07 06-11-13","Urbano","",12643000,NA,NA,16,17907376.94,18935270.7,0,NA,36842647.64
2013,"Guerrero","Lluvia severa del 15 y 16 de septiembre 2013",25,"19/09/13","30/09/13","SE. 155.07 06-11-13","Vivienda","",0,NA,NA,2824,131818456,133740944,0,NA,265559400
2013,"Guerrero","Lluvia severa del 14 de septiembre de 2013",56,"15/09/13","23/09/13","SE.156.03 22-nov-13","Carretero","Estatal",358419556,NA,NA,1335,3027575793.28,3649180282.96,0,NA,6676756076.24
2013,"Guerrero","Lluvia severa del 14 de septiembre de 2013",56,"15/09/13","23/09/13","SE.157.14 02-Dic-13","Carretero","Federal",156980000,NA,NA,72,1619619461.38,0,0,NA,1619619461.38
2013,"Guerrero","Lluvia severa del 14 de septiembre de 2013",56,"15/09/13","23/09/13","SE.158.01 10-Dic-13","Forestal y de Viveros","Federal",0,NA,NA,15,126406596.82,0,0,NA,126406596.82
2013,"Guerrero","Lluvia severa del 14 de septiembre de 2013",56,"15/09/13","23/09/13","SE.152.02 23-sep-13","Hidraulico","Estatal",148520000,NA,NA,6,148520000,0,0,NA,148520000
2013,"Guerrero","Lluvia severa del 14 de septiembre de 2013",56,"15/09/13","23/09/13","SE.156.03 22-nov-13","Hidraulico","Estatal",0,NA,NA,265,383118162.22,534631635.46,0,NA,917749797.68
2013,"Guerrero","Lluvia severa del 14 de septiembre de 2013",56,"15/09/13","23/09/13","SE.158.01 10-Dic-13","Hidraulico","Federal",123892000,NA,NA,38,2887661634.28,0,0,NA,2887661634.28
2013,"Guerrero","Lluvia severa del 14 de septiembre de 2013",56,"15/09/13","23/09/13","SE.158.01 10-Dic-13","Pesquero y Acuicola","Federal",0,NA,NA,1,12701859.04,0,0,NA,12701859.04
2013,"Guerrero","Lluvia severa del 14 de septiembre de 2013",56,"15/09/13","23/09/13","SE.154.07 31-oct-13","Salud","Estatal",4157432,NA,NA,72,20690152,20966286.4,0,NA,41656438.4
2013,"Guerrero","Lluvia severa del 14 de septiembre de 2013",56,"15/09/13","23/09/13","SE.154.07 31-oct-13","Turistico","Federal",1681759.64,NA,NA,5,1681759.64,0,0,NA,1681759.64
2013,"Guerrero","Lluvia severa del 14 de septiembre de 2013",56,"15/09/13","23/09/13","SE.155.06 06-11-13","Vivienda","",35203000,2685415.5,NA,7673,431296463.5,428668801.6,0,NA,859965265.1
2013,"Hidalgo","Lluvia severa por huracan  Ingrid  del 13 al 18 de septiembre 2013",31,"20/09/13","27/09/13","SE.155.15 06-11-13","Carretero","Estatal",41482776.22,NA,NA,296,437836496.58,446755533.36,0,NA,884592029.94
2013,"Hidalgo","Lluvia severa por huracan  Ingrid  del 13 al 18 de septiembre 2013",31,"20/09/13","27/09/13","SE.156.09 22-nov-13","Carretero","Federal",0,NA,NA,14,295655568,0,0,NA,295655568
2013,"Hidalgo","Lluvia severa por huracan  Ingrid  del 13 al 18 de septiembre 2013",31,"20/09/13","27/09/13","SE.154.08 31-oct-13","Hidraulico","Estatal",2350864.8,NA,NA,56,6210742.62,6647231.62,0,NA,12857974.24
2013,"Hidalgo","Lluvia severa por huracan  Ingrid  del 13 al 18 de septiembre 2013",31,"20/09/13","27/09/13","SE.154.08 31-oct-13","Hidraulico","Federal",15792000,NA,NA,10,76712512.64,0,0,NA,76712512.64
2013,"Hidalgo","Lluvia severa por huracan  Ingrid  del 13 al 18 de septiembre 2013",31,"20/09/13","27/09/13","SE.154.08 31-oct-13","Salud","Estatal",0,NA,NA,9,1063303.56,1132222.48,0,NA,2195526.04
2013,"Hidalgo","Lluvia severa por huracan  Ingrid  del 13 al 18 de septiembre 2013",31,"20/09/13","27/09/13","SE.154.08 31-oct-13","Vivienda","",0,NA,NA,154,2014344.8,2022165.6,0,NA,4036510.4
2013,"Jalisco","Luvia severa del 14 al 18 de septiembre 2013",29,"21/09/13","04/10/13","SE.156.05 22-nov-13","Carretero","Estatal",0,NA,NA,67,190568691,203467888,0,NA,394036579
2013,"Jalisco","Luvia severa del 14 al 18 de septiembre 2013",29,"21/09/13","04/10/13","SE.156.05 22-nov-13","Carretero","Federal",0,NA,NA,2,21993916.96,0,0,NA,21993916.96
2013,"Jalisco","Luvia severa del 14 al 18 de septiembre 2013",29,"21/09/13","04/10/13","SE.154.09 31-oct-13","Hidraulico","Estatal",0,NA,NA,24,4642542.5,4959458.8,0,NA,9602001.3
2013,"Jalisco","Luvia severa del 14 al 18 de septiembre 2013",29,"21/09/13","04/10/13","SE.154.09 31-oct-13","Hidraulico","Federal",0,NA,NA,5,10759514.48,0,0,NA,10759514.48
2013,"Jalisco","Luvia severa del 14 al 18 de septiembre 2013",29,"21/09/13","04/10/13","SE.154.09 31-oct-13","Vivienda","",0,NA,NA,37,1595480.8,1931549.6,0,NA,3527030.4
2013,"Michocan","Lluvia severa del 15 de septiembre 2013",10,"19/09/13","30/09/13","SE.155.16 06-11-13","Carretero","Estatal",0,NA,NA,37,100895924.6,106923480.96,0,NA,207819405.56
2013,"Michocan","Lluvia severa del 15 de septiembre 2013",10,"19/09/13","30/09/13","SE.157.04 02-Dic-13","Carretero","Federal",36816980,NA,NA,13,142744828,0,0,NA,142744828
2013,"Michocan","Lluvia severa del 15 de septiembre 2013",10,"19/09/13","30/09/13","SE.155.08 06-11-13","Forestal y de Viveros","Estatal",0,NA,NA,12,6369874.28,6369874.28,0,NA,12739748.56
2013,"Michocan","Lluvia severa del 15 de septiembre 2013",10,"19/09/13","30/09/13","SE.154.10 31-oct-13","Hidraulico","Estatal",0,NA,NA,46,7471684.94,7471917.12,NA,NA,14943602.06
2013,"Michocan","Lluvia severa del 15 de septiembre 2013",10,"19/09/13","30/09/13","SO.50.19 08-11-13","Hidraulico","Federal",0,NA,NA,12,440700807.24,0,0,NA,440700807.24
2013,"Michocan","Lluvia severa del 15 de septiembre 2013",10,"19/09/13","30/09/13","SE.154.10 31-oct-13","Urbano","",0,NA,NA,73,48282911.06,50925424.96,0,NA,99208336.02
2013,"Michocan","Lluvia severa del 15 de septiembre 2013",10,"19/09/13","30/09/13","SE.154.10 31-oct-13","Vivienda","",0,NA,NA,749,25397070.4,26071877.6,0,NA,51468948
2013,"Morelos","Inundacion fluvial del 13 al 16 de septiembre",4,"19/09/13","26/09/13","SE.155.09 06-11-13","Carretero","Estatal",0,NA,NA,11,8798400,9287200,0,NA,18085600
2013,"Morelos","Inundacion fluvial del 13 al 16 de septiembre",4,"19/09/13","26/09/13","SE.155.09 06-11-13","Carretero","Federal",0,NA,NA,1,830960,0,0,NA,830960
2013,"Morelos","Inundacion fluvial del 13 al 16 de septiembre",4,"19/09/13","26/09/13","SE.155.09 06-11-13","Hidraulico","Estatal",462685.86,NA,NA,20,462685.86,0,0,NA,462685.86
2013,"Morelos","Inundacion fluvial del 13 al 16 de septiembre",4,"19/09/13","26/09/13","SO.50.20 08-11-13","Hidraulico","Federal",0,NA,NA,10,105279995.3,0,0,NA,105279995.3
2013,"Nayarit","Lluvia severa e inundacion fluvial el 17 y 18 de septiembre 2013",3,"20/09/13","02/10/13","SE.155.12 06-11-13","Carretero","Estatal",41877000,NA,NA,27,49172904,76564987.16,0,NA,125737891.16
2013,"Nayarit","Lluvia severa e inundacion fluvial el 17 y 18 de septiembre 2013",3,"20/09/13","02/10/13","SE.155.12 06-11-13","Hidraulico","Estatal",28012000,NA,NA,25,39840960,40985880,0,NA,80826840
2013,"Nayarit","Lluvia severa e inundacion fluvial el 17 y 18 de septiembre 2013",3,"20/09/13","02/10/13","SE.154.22 31-10-13","Vivienda","",0,NA,NA,154,1652144,1679028,0,NA,3331172
2013,"Nayarit","Lluvia severa e inundacion Fluvial el 17 y 18 de septiembre de 2013",3,"20/09/13","11/10/13","SE.155.11 06-11-13","Carretero","Estatal",36931482.34,NA,NA,50,36931482.34,37884739.16,0,NA,74816221.5
2013,"Nayarit","Lluvia severa e inundacion Fluvial el 17 y 18 de septiembre de 2013",3,"20/09/13","11/10/13","SE.155.11 06-11-13","Hidraulico","Estatal",23617500,NA,NA,14,37743820,39104000,0,NA,76847820
2013,"Nayarit","Lluvia severa e inundacion Fluvial el 17 y 18 de septiembre de 2013",3,"20/09/13","11/10/13","SE.154.23 31-10-13","Vivienda","",0,NA,NA,54,448229.6,480001.6,0,NA,928231.2
2013,"Nuevo Leon","Lluvia severa, inundacion pluvial y fluvial del 14 al 17 de septiembre de 2013",22,"18/09/13","01/10/13","SE.156.06 22-nov-13","Carretero","Estatal",75196266.32,NA,NA,619,842588595.24,876718675.48,0,NA,1719307270.72
2013,"Nuevo Leon","Lluvia severa, inundacion pluvial y fluvial del 14 al 17 de septiembre de 2013",22,"18/09/13","01/10/13","SE.155.10 06-11-13","Hidraulico","Estatal",0,NA,NA,8,7113409.58,7113409.58,0,NA,14226819.16
2013,"Nuevo Leon","Lluvia severa, inundacion pluvial y fluvial del 14 al 17 de septiembre de 2013",22,"18/09/13","01/10/13","SO.50.21 08-11-13","Urbano","",0,NA,NA,178,226832712.24,226971998.62,0,NA,453804710.86
2013,"Nuevo Leon","Lluvia severa, inundacion pluvial y fluvial del 14 al 17 de septiembre de 2013",22,"18/09/13","01/10/13","SE.155.10 06-11-13","Vivienda","",0,NA,NA,575,8311104,8407209.6,0,NA,16718313.6
2013,"Oaxaca","Movimiento de ladera del 9 de septiembre de 2013",1,"11/09/13","23/09/13","SE.155.14 06-11-13","Carretero","Estatal",0,NA,NA,5,16130400,16228160,0,NA,32358560
2013,"Oaxaca","Movimiento de ladera del 9 de septiembre de 2013",1,"11/09/13","23/09/13","SE.154.13 31-oct-13","Vivienda","",0,NA,NA,30,868372,878035.2,0,NA,1746407.2
2013,"Oaxaca","Lluvia severa del 12 al 14 de septiembre de 2013",10,"14/09/13","23/09/13","SE.157.05 02-Dic-13","Carretero","Estatal",0,NA,NA,29,46364560,50478376,0,NA,96842936
2013,"Oaxaca","Lluvia severa del 12 al 14 de septiembre de 2013",10,"14/09/13","23/09/13","SE.157.05 02-Dic-13","Carretero","Federal",1847476,NA,NA,2,17899668,0,0,NA,17899668
2013,"Oaxaca","Lluvia severa del 12 al 14 de septiembre de 2013",10,"14/09/13","23/09/13","SE.155.13 06-11-13","Hidraulico","Estatal",3095668.16,NA,NA,17,3380005.94,3381196.92,0,NA,6761202.86
2013,"Oaxaca","Lluvia severa del 12 al 14 de septiembre de 2013",10,"14/09/13","23/09/13","SE.154.12 31-oct-13","Hidraulico","Federal",0,NA,NA,1,7038720,0,0,NA,7038720
2013,"Oaxaca","Lluvia severa del 12 al 14 de septiembre de 2013",10,"14/09/13","23/09/13","SE.157.22 02-dic-13","Vivienda","",0,NA,NA,41,4090704.22,3995827.2,0,NA,8086531.42
2013,"Oaxaca","Movimiento de ladera ocasionado por Tormenta Tropical Manuel y huracan Ingrid del 19 al 23 de septiembre 2013",22,"24/09/13","04/09/13","SE.157.07 02-Dic-13","Carretero","Estatal",0,NA,NA,71,48680960.64,71619953.6,NA,NA,120300914.24
2013,"Oaxaca","Movimiento de ladera ocasionado por Tormenta Tropical Manuel y huracan Ingrid del 19 al 23 de septiembre 2013",22,"24/09/13","04/09/13","SE.157.07 02-Dic-13","Hidraulico","Estatal",0,NA,NA,23,2874458.9,3258330.46,NA,NA,6132789.36
2013,"Oaxaca","Movimiento de ladera ocasionado por Tormenta Tropical Manuel y huracan Ingrid del 19 al 23 de septiembre 2013",22,"24/09/13","04/09/13","SE.157.07 02-Dic-13","Vivienda","",0,NA,NA,388,24905488,24976063.2,0,NA,49881551.2
2013,"Oaxaca","Tormenta Tropical  Manuel  y huracan  Ingrid  (Lluvia severa) del 13 al 17 de septiembre de 2013",47,"20/09/13","09/10/13","SE.157.06 02-Dic-13","Carretero","Estatal",0,NA,NA,181,173730464.42,201279530.4,NA,NA,375009994.82
2013,"Oaxaca","Tormenta Tropical  Manuel  y huracan  Ingrid  (Lluvia severa) del 13 al 17 de septiembre de 2013",47,"20/09/13","09/10/13","SE.157.06 02-Dic-13","Carretero","Federal",1824164,NA,NA,7,127611094.02,0,0,NA,127611094.02
2013,"Oaxaca","Tormenta Tropical  Manuel  y huracan  Ingrid  (Lluvia severa) del 13 al 17 de septiembre de 2013",47,"20/09/13","09/10/13","SE.157.06 02-Dic-13","Hidraulico","Estatal",1426920,NA,NA,27,3205981.86,3357991.14,0,NA,6563973
2013,"Oaxaca","Tormenta Tropical  Manuel  y huracan  Ingrid  (Lluvia severa) del 13 al 17 de septiembre de 2013",47,"20/09/13","09/10/13","SE.156.07 22-nov-13","Hidraulico","Federal",0,NA,NA,6,21311680,0,NA,NA,21311680
2013,"Oaxaca","Tormenta Tropical  Manuel  y huracan  Ingrid  (Lluvia severa) del 13 al 17 de septiembre de 2013",47,"20/09/13","09/10/13","SE.157.06 02-Dic-13","Vivienda","",0,NA,NA,221,23222662.4,23228152,0,NA,46450814.4
2013,"Puebla","Lluvia severa del 12 al 16 de septiembre de 2013",31,"16/09/13","25/09/13","SE.157.08  2-dic-13","Carretero","Estatal",54336478.16,NA,NA,98,329234824.22,341226255.7,0,NA,670461079.92
2013,"Puebla","Lluvia severa del 12 al 16 de septiembre de 2013",31,"16/09/13","25/09/13","SE.154.14 31-oct-13","Vivienda","",0,NA,NA,563,7326773.6,7336662.4,0,NA,14663436
2013,"San Luis Potosi","Lluvia severa del 20 y 21 de septiembre 2013",1,"01/10/13","19/10/13","SE.154.24 31-10-13","Carretero","Estatal",0,NA,NA,5,1167979.14,1540908.16,0,NA,2708887.3
2013,"San Luis Potosi","Lluvia severa del 20 y 21 de septiembre 2013",1,"01/10/13","19/10/13","SE.154.16 31-oct-13","Vivienda","",0,NA,NA,57,337272,343137.6,0,NA,680409.6
2013,"San Luis Potosi","Lluvia severa e inundacion del 12 al 18 de septiembre 2013",22,"24/09/13","04/10/13","SE.154.15 31-oct-13","Carretero","Estatal",3808576.38,NA,NA,176,166360408.52,166864845.42,0,NA,333225253.94
2013,"San Luis Potosi","Lluvia severa e inundacion del 12 al 18 de septiembre 2013",22,"24/09/13","04/10/13","SE.154.15 31-oct-13","Residuos Solidos","Estatal",0,NA,NA,3,7820800,7820800,0,NA,15641600
2013,"San Luis Potosi","Lluvia severa e inundacion del 12 al 18 de septiembre 2013",22,"24/09/13","04/10/13","SE.154.15 31-oct-13","Urbano","",0,NA,NA,2,6931737.66,8679659.2,0,NA,15611396.86
2013,"San Luis Potosi","Lluvia severa e inundacion del 12 al 18 de septiembre 2013",22,"24/09/13","04/10/13","SE.154.15 31-oct-13","Vivienda","",0,NA,NA,449,4876268.8,5232115.2,0,NA,10108384
2013,"Sinaloa","Huracan (lluvia severa) del 18 y 19 de septiembre 2013",9,"19/09/13","26/09/13","SE.159.04 20-Dic-13","Carretero","Estatal",31024700,NA,NA,220,757296116.04,808155231.52,0,NA,1565451347.56
2013,"Sinaloa","Huracan (lluvia severa) del 18 y 19 de septiembre 2013",9,"19/09/13","26/09/13","SE.157.09 02-Dic-13","Carretero","Federal",4042000,NA,NA,9,98976736,0,0,NA,98976736
2013,"Sinaloa","Huracan (lluvia severa) del 18 y 19 de septiembre 2013",9,"19/09/13","26/09/13","SO.50.23 08-11-13","Cultura","Estatal",0,NA,NA,1,2296382.4,0,0,NA,2296382.4
2013,"Sinaloa","Huracan (lluvia severa) del 18 y 19 de septiembre 2013",9,"19/09/13","26/09/13","SE.157.09 02-Dic-13","Educativo","Estatal",16663850,NA,NA,291,16663850,16693070.84,0,NA,33356920.84
2013,"Sinaloa","Huracan (lluvia severa) del 18 y 19 de septiembre 2013",9,"19/09/13","26/09/13","SO.50.23 08-11-13","Hidraulico","Estatal",0,NA,NA,172,50002773.6,50002773.6,0,NA,100005547.2
2013,"Sinaloa","Huracan (lluvia severa) del 18 y 19 de septiembre 2013",9,"19/09/13","26/09/13","SE.157.09 02-Dic-13","Hidraulico","Federal",41307348.72,NA,NA,158,643970053.5,0,0,NA,643970053.5
2013,"Sinaloa","Huracan (lluvia severa) del 18 y 19 de septiembre 2013",9,"19/09/13","26/09/13","SE.158.03 10-Dic-13","Pesquero y Acuicola","Federal",0,NA,NA,10,160169702,0,0,NA,160169702
2013,"Sinaloa","Huracan (lluvia severa) del 18 y 19 de septiembre 2013",9,"19/09/13","26/09/13","SO.50.23 08-11-13","Salud","Estatal",0,NA,NA,8,2336808.04,2387616.92,0,NA,4724424.96
2013,"Sinaloa","Huracan (lluvia severa) del 18 y 19 de septiembre 2013",9,"19/09/13","26/09/13","SO.50.23 08-11-13","Urbano","",0,NA,NA,56,12252004.18,12476911.4,0,NA,24728915.58
2013,"Sinaloa","Huracan (lluvia severa) del 18 y 19 de septiembre 2013",9,"19/09/13","26/09/13","SO.50.23 08-11-13","Vivienda","",0,NA,NA,404,6835868,6960512,0,NA,13796380
2013,"Tamaulipas","Lluvia severa del 16 de septiembre de 2013",33,"19/09/13","25/09/13","SE.155.17 06-11-13","Carretero","Estatal",7331248,NA,NA,141,111898282.44,148000523.1,0,NA,259898805.54
2013,"Tamaulipas","Lluvia severa del 16 de septiembre de 2013",33,"19/09/13","25/09/13","SE.156.10 22-nov-13","Carretero","Federal",3309364,NA,NA,37,507321592.68,0,0,NA,507321592.68
2013,"Tamaulipas","Lluvia severa del 16 de septiembre de 2013",33,"19/09/13","25/09/13","SE.154.17 31-oct-13","Hidraulico","Estatal",8568094.36,NA,NA,224,44338478.36,53113321.02,NA,NA,97451799.38
2013,"Tamaulipas","Lluvia severa del 16 de septiembre de 2013",33,"19/09/13","25/09/13","SE.154.17 31-oct-13","Naval","Federal",0,NA,NA,17,54656237.96,0,0,NA,54656237.96
2013,"Tamaulipas","Lluvia severa del 16 de septiembre de 2013",33,"19/09/13","25/09/13","SE.154.17 31-oct-13","Pesquero y Acuicola","Federal",0,NA,NA,1,19123034.76,0,0,NA,19123034.76
2013,"Tamaulipas","Lluvia severa del 16 de septiembre de 2013",33,"19/09/13","25/09/13","SE.154.17 31-oct-13","Salud","Estatal",0,NA,NA,1,2163059.38,2163059.38,0,NA,4326118.76
2013,"Tamaulipas","Lluvia severa del 16 de septiembre de 2013",33,"19/09/13","25/09/13","SE.154.17 31-oct-13","Urbano","",1409360.8,NA,NA,14,10859438.36,10963666.5,0,NA,21823105.8
2013,"Tamaulipas","Lluvia severa del 16 de septiembre de 2013",33,"19/09/13","25/09/13","SE.154.17 31-oct-13","Vivienda","",0,940000,NA,348,10196556,9408798.4,0,NA,19605354.4
2013,"Veracruz","Lluvia severa e inundacion Fluvial del 20 al 22 de septiembre 2013",3,"24/09/13","08/10/13","SE.158.06 10-Dic-13","Forestal y de Viveros","Estatal",0,NA,NA,12,26127300,29158066.8,0,NA,55285366.8
2013,"Veracruz","Lluvia severa e inundacion Fluvial del 20 al 22 de septiembre 2013",3,"24/09/13","08/10/13","SO.50.25 08-11-13","Hidraulico","Estatal",7817040,NA,NA,38,16028880,16354270.4,0,NA,32383150.4
2013,"Veracruz","Lluvia severa e inundacion Fluvial del 20 al 22 de septiembre 2013",3,"24/09/13","08/10/13","SO.50.25 08-11-13","Naval","Federal",0,NA,NA,3,722735.92,0,0,NA,722735.92
2013,"Veracruz","Lluvia severa e inundacion Fluvial del 20 al 22 de septiembre 2013",3,"24/09/13","08/10/13","SO.50.25 08-11-13","Salud","Estatal",0,NA,NA,7,530160,537680,0,NA,1067840
2013,"Veracruz","Lluvia severa e inundacion Fluvial del 20 al 22 de septiembre 2013",3,"24/09/13","08/10/13","SO.50.25 08-11-13","Urbano","",2608713.38,NA,NA,18,8418601.46,8747427.56,0,NA,17166029.02
2013,"Veracruz","Lluvia severa e inundacion Fluvial del 20 al 22 de septiembre 2013",3,"24/09/13","08/10/13","SO.50.25 08-11-13","Vivienda","",0,NA,NA,28,3083886.2,2977506.4,0,NA,6061392.6
2013,"Veracruz","Lluvia severa del 13 al 16 de septiembre",8,"16/09/13","26/09/13","SE.158.05 10-Dic-13","Forestal y de Viveros","Estatal",0,NA,NA,10,27026175,28608195,0,NA,55634370
2013,"Veracruz","Lluvia severa del 13 al 16 de septiembre",8,"16/09/13","26/09/13","SO.50.26 08-11-13","Hidraulico","Estatal",4847580,NA,NA,24,4847580,5082542.4,0,NA,9930122.4
2013,"Veracruz","Lluvia severa del 13 al 16 de septiembre",8,"16/09/13","26/09/13","SE.158.05 10-Dic-13","Urbano","",0,NA,NA,14,5690623.7,5773416.08,0,NA,11464039.78
2013,"Veracruz","Lluvia severa del 13 al 16 de septiembre",8,"16/09/13","26/09/13","SO.50.26 08-11-13","Vivienda","",0,NA,NA,18,1866981,1483545.6,0,NA,3350526.6
2013,"Veracruz","Lluvia severa del 9 al 10 de septiembre de 2013",8,"11/09/13","23/09/13","SE.154.19 31-oct-13","Hidraulico","Estatal",4439150,NA,NA,38,15496490.32,15710957.9,0,NA,31207448.22
2013,"Veracruz","Lluvia severa del 9 al 10 de septiembre de 2013",8,"11/09/13","23/09/13","SE.154.19 31-oct-13","Urbano","",419092.42,NA,NA,8,11522340.46,11960180.24,0,NA,23482520.7
2013,"Veracruz","Lluvia severa del 9 al 10 de septiembre de 2013",8,"11/09/13","23/09/13","SE.154.19 31-oct-13","Vivienda","",0,NA,NA,22,1487597,1114501.6,0,NA,2602098.6
2013,"Veracruz","Movimiento de ladera del 30 de septiembre al 2 de octubre 2013",13,"02/10/13","11/10/13","SE.157.11 02-Dic-13","Carretero","Estatal",0,NA,NA,28,45394856,49593648,0,NA,94988504
2013,"Veracruz","Movimiento de ladera del 30 de septiembre al 2 de octubre 2013",13,"02/10/13","11/10/13","SE.158.07 10-Dic-13","Forestal y de Viveros","Estatal",0,NA,NA,14,75448729.64,76636132,0,NA,152084861.64
2013,"Veracruz","Movimiento de ladera del 30 de septiembre al 2 de octubre 2013",13,"02/10/13","11/10/13","SO.50.27 08-11-13","Hidraulico","Estatal",4155270,NA,NA,47,11524614.32,11690727.36,0,NA,23215341.68
2013,"Veracruz","Movimiento de ladera del 30 de septiembre al 2 de octubre 2013",13,"02/10/13","11/10/13","SO.50.27 08-11-13","Vivienda","",0,NA,NA,89,10140024.4,9862856,NA,NA,20002880.4
2013,"Zacatecas","Lluvia severa del 15 y 16 de septiembre de 2013",8,"19/09/13","26/09/13","SE.157.13 02-Dic-13","Carretero","Estatal",NA,NA,NA,1,3910400,4888000,0,NA,8798400
2013,"Zacatecas","Lluvia severa del 15 y 16 de septiembre de 2013",8,"19/09/13","26/09/13","SO.50.28 08-11-13","Deportivo","Estatal",0,NA,NA,2,959019.96,1148648.04,0,NA,2107668
2013,"Zacatecas","Lluvia severa del 15 y 16 de septiembre de 2013",8,"19/09/13","26/09/13","SE.158.08 10-Dic-13","Urbano","",0,NA,NA,4,13476216,14664000,0,NA,28140216
2013,"Zacatecas","Lluvia severa del 15 y 16 de septiembre de 2013",8,"19/09/13","26/09/13","SE.154.25 31-10-13","Vivienda","",0,NA,NA,273,2127262.3,2219636.1,0,NA,4346898.4
2014,"Chiapas","Lluvia severa los dias 12 al 15 de septiembre 2014",3,"18/09/13","27/09/13","","Educativo","Estatal",NA,NA,NA,3,208767.792,534599.25,NA,NA,743367.042
2014,"Colima","Tormenta tropical Manuel (Lluvia severa) del 16 y 17 de septiembre",10,"19/09/13","02/10/13","SE.154.05 31-oct-13","Educativo","Estatal",NA,NA,NA,3,1043696.172,1448711.4,NA,NA,2492407.572
2014,"Guanajuato","Lluvia severa el dia 21 de septiembre 2013",1,"23/09/13","03/10/13","SO.52.24 29-abr-14","Educativo","Estatal",NA,NA,NA,2,127645.626,174278.622,NA,NA,301924.248
2014,"Guerrero","Lluvia severa del 15 y 16 de septiembre 2013",25,"19/09/13","30/09/13","","Educativo","Federal",48091780.8,NA,NA,60,48091780.8,NA,NA,NA,48091780.8
2014,"Guerrero","Lluvia severa del 15 y 16 de septiembre 2013",25,"19/09/13","30/09/13","FG. SE.162.62 20-mar-14","Hidraulico","Federal",NA,NA,NA,17,NA,NA,NA,655010897.532,655010897.532
2014,"Guerrero","Lluvia severa del 15 y 16 de septiembre 2013",25,"19/09/13","30/09/13","FG. SE.162.64 20-mar-14","Educativo","Estatal",NA,NA,NA,7,NA,NA,NA,12137790.762,12137790.762
2014,"Guerrero","Lluvia severa del 15 y 16 de septiembre 2013",25,"19/09/13","30/09/13","FG.SE.161.08 05-mar-14","Hidraulico","Estatal",NA,NA,NA,9,NA,NA,NA,21916901.76,21916901.76
2014,"Guerrero","Lluvia severa del 15 y 16 de septiembre 2013",25,"19/09/13","30/09/13","FG.SE.161.09 05-mar-14","Carretero","Estatal",NA,NA,NA,43,NA,NA,NA,977137723.806,977137723.806
2014,"Guerrero","Lluvia severa del 15 y 16 de septiembre 2013",25,"19/09/13","30/09/13","FG.SE.161.10 05-mar-14","Salud","Estatal",NA,NA,NA,1,NA,NA,NA,1535851.2,1535851.2
2014,"Guerrero","Lluvia severa del 15 y 16 de septiembre 2013",25,"19/09/13","30/09/13","FG.SE.161.11 05-mar-14","Urbano","Estatal",NA,NA,NA,9,NA,NA,NA,19700739.09,19700739.09
2014,"Guerrero","Lluvia severa del 15 y 16 de septiembre 2013",25,"19/09/13","30/09/13","FG.SE.161.12 05-mar-14","Vivienda","Estatal",NA,NA,NA,1970,NA,NA,NA,139147492.8,139147492.8
2014,"Guerrero","Lluvia severa del 15 y 16 de septiembre 2013",25,"19/09/13","30/09/13","FG.SE.162.63 20-mar-14","Carretero","Federal",NA,NA,NA,1,NA,NA,NA,406848000,406848000
2014,"Guerrero","Lluvia severa del 15 y 16 de septiembre 2013",25,"19/09/13","30/09/13","FGA .SE.164.06 03-jun-14","Hidraulico","Estatal",NA,NA,NA,2,NA,NA,NA,77262000,77262000
2014,"Guerrero","Lluvia severa del 15 y 16 de septiembre 2013",25,"19/09/13","30/09/13","SE.162.15 20-mar-14","Educativo","Federal",NA,NA,NA,17,77823943.152,NA,NA,NA,77823943.152
2014,"Guerrero","Lluvia severa del 15 y 16 de septiembre 2013",25,"19/09/13","30/09/13","SE.162.35 20-mar-14","Educativo","Estatal",9033981.6,NA,NA,19,11909256.612,NA,NA,NA,11909256.612
2014,"Guerrero","Lluvia severa del 14 de septiembre de 2013",56,"15/09/13","23/09/13","","Educativo","Federal",229126035.6,NA,NA,339,229126035.6,NA,NA,NA,229126035.6
2014,"Guerrero","Lluvia severa del 14 de septiembre de 2013",56,"15/09/13","23/09/13","FG.SE.161.02 05-mar-14","Hidraulico","Estatal",NA,NA,NA,117,NA,NA,NA,556244403.702,556244403.702
2014,"Guerrero","Lluvia severa del 14 de septiembre de 2013",56,"15/09/13","23/09/13","FG.SE.161.03 05-mar-14","Vivienda","Estatal",NA,NA,NA,5312,NA,NA,NA,445997965.92,445997965.92
2014,"Guerrero","Lluvia severa del 14 de septiembre de 2013",56,"15/09/13","23/09/13","FG.SE.161.04 05-mar-14","Residuos Solidos","Estatal",NA,NA,NA,2,NA,NA,NA,45634984.164,45634984.164
2014,"Guerrero","Lluvia severa del 14 de septiembre de 2013",56,"15/09/13","23/09/13","FG.SE.161.05 05-mar-14","Carretero","Estatal",NA,NA,NA,527,NA,NA,NA,3796700336.952,3796700336.952
2014,"Guerrero","Lluvia severa del 14 de septiembre de 2013",56,"15/09/13","23/09/13","FG.SE.161.06 05-mar-14","Salud","Estatal",NA,NA,NA,30,NA,NA,NA,21813859.68,21813859.68
2014,"Guerrero","Lluvia severa del 14 de septiembre de 2013",56,"15/09/13","23/09/13","FG.SE.161.07 05-mar-14","Urbano","Estatal",NA,NA,NA,79,NA,NA,NA,254402593.278,254402593.278
2014,"Guerrero","Lluvia severa del 14 de septiembre de 2013",56,"15/09/13","23/09/13","FG.SE.162.60 20-mar-14","Hidraulico","Federal",NA,NA,NA,4,NA,NA,NA,376333948.164,376333948.164
2014,"Guerrero","Lluvia severa del 14 de septiembre de 2013",56,"15/09/13","23/09/13","FG.SE.162.61 20-mar-14","Educativo","Estatal",NA,NA,NA,74,NA,NA,NA,156409329.72,156409329.72
2014,"Guerrero","Lluvia severa del 14 de septiembre de 2013",56,"15/09/13","23/09/13","FG.SE.163.02 02-abr-14","Carretero","Federal",NA,NA,NA,10,NA,NA,NA,293400000,293400000
2014,"Guerrero","Lluvia severa del 14 de septiembre de 2013",56,"15/09/13","23/09/13","FGA .SE.164.05 03-jun-14","Hidraulico","Estatal",NA,NA,NA,34,NA,NA,NA,857510400,857510400
2014,"Guerrero","Lluvia severa del 14 de septiembre de 2013",56,"15/09/13","23/09/13","FGA .SE.164.05 03-jun-14","Hidraulico","Federal",NA,NA,NA,NA,NA,NA,NA,284598000,284598000
2014,"Guerrero","Lluvia severa del 14 de septiembre de 2013",56,"15/09/13","23/09/13","FGA .SE.168.01 12-sep-14","Salud","Estatal",NA,NA,NA,2,NA,NA,NA,48900000,48900000
2014,"Guerrero","Lluvia severa del 14 de septiembre de 2013",56,"15/09/13","23/09/13","FGA .SE.168.02 12-sep-14","Salud","Estatal",NA,NA,NA,1,NA,NA,NA,827388000,827388000
2014,"Guerrero","Lluvia severa del 14 de septiembre de 2013",56,"15/09/13","23/09/13","FGA .SE.168.03 12-sep-14","Vivienda","Estatal",NA,NA,NA,1,NA,NA,NA,815135811.6,815135811.6
2014,"Guerrero","Lluvia severa del 14 de septiembre de 2013",56,"15/09/13","23/09/13","FGA .SO.53.38 31-jul-14","Turistico","Federal",NA,NA,NA,7,NA,NA,NA,244500000,244500000
2014,"Guerrero","Lluvia severa del 14 de septiembre de 2013",56,"15/09/13","23/09/13","SE.162.14 20-mar-14","Educativo","Federal",NA,NA,NA,270,1846930445.364,NA,NA,NA,1846930445.364
2014,"Guerrero","Lluvia severa del 14 de septiembre de 2013",56,"15/09/13","23/09/13","SE.162.34 20-mar-14","Educativo","Estatal",42550628.4,NA,NA,77,154950679.884,NA,NA,NA,154950679.884
2014,"Guerrero","Lluvia severa del 14 de septiembre de 2013",56,"15/09/13","23/09/13","SE.163.31 02-abr-14","Zonas Costeras","Federal",46015760.64,NA,NA,26,162937616.64,NA,NA,NA,162937616.64
2014,"Guerrero","Lluvia severa del 14 de septiembre de 2013",56,"15/09/13","23/09/13","SE.171.16 28-nov-14","Hidraulico","Federal",NA,NA,NA,7,377967013.542,NA,NA,NA,377967013.542
2014,"Guerrero","Lluvia severa del 14 de septiembre de 2013",56,"15/09/13","23/09/13","SO.51.19 30-ene-14","Residuos Solidos","Estatal",NA,NA,NA,1,20282215.836,NA,NA,NA,20282215.836
2014,"Guerrero","Lluvia severa del 14 de septiembre de 2013",56,"15/09/13","23/09/13","SO.51.19 30-ene-14","Urbano","Estatal",30917514,NA,NA,85,252544352.202,NA,NA,NA,252544352.202
2014,"Hidalgo","Lluvia severa por  huracan  Ingrid  del 13 al 18 de septiembre 2013",31,"20/09/13","27/09/13","SE.162.38 20-mar-14","Educativo","Estatal",NA,NA,NA,2,254518.632,422985.978,NA,NA,677504.61
2014,"Jalisco","Luvia severa del 14 al 18 de septiembre 2013",29,"21/09/13","04/10/13","SE.162.17 20-mar-14","Educativo","Federal",NA,NA,NA,1,1370691.45,NA,NA,NA,1370691.45
2014,"Michocan","Lluvia severa del 15 de septiembre 2013",10,"19/09/13","30/09/13","","Educativo","Federal",1538394,NA,NA,27,1538394,NA,NA,NA,1538394
2014,"Michocan","Lluvia severa del 15 de septiembre 2013",10,"19/09/13","30/09/13","SE.162.05 20-mar-14","Residuos Solidos","Estatal",NA,NA,NA,2,1017120,1017120,NA,NA,2034240
2014,"Michocan","Lluvia severa del 15 de septiembre 2013",10,"19/09/13","30/09/13","","Zonas Costeras","Federal",31135412.4,NA,NA,58,31135412.4,NA,NA,NA,31135412.4
2014,"Michocan","Lluvia severa del 15 de septiembre 2013",10,"19/09/13","30/09/13","SE.162.18 20-mar-14","Educativo","Federal",NA,NA,NA,13,24465318.414,NA,NA,NA,24465318.414
2014,"Michocan","Lluvia severa del 15 de septiembre 2013",10,"19/09/13","30/09/13","SE.162.39 20-mar-14","Educativo","Estatal",NA,NA,NA,9,5815251.57,5891636.304,NA,NA,11706887.874
2014,"Nayarit","Lluvia severa e inundacion Fluvial el 17 y 18 de septiembre de 2013",3,"20/09/13","11/10/13","SE.162.40 20-mar-14","Educativo","Estatal",NA,NA,NA,6,2418363.192,2405142.588,NA,NA,4823505.78
2014,"Nuevo Leon","Lluvia severa, inundacion pluvial y fluvial del 14 al 17 de septiembre de 2013",22,"18/09/13","01/10/13","SE.162.41 20-mar-14","Educativo","Estatal",NA,NA,NA,2,132581.592,535409.034,NA,NA,667990.626
2014,"Oaxaca","Movimiento de ladera del 9 de septiembre de 2013",1,"11/09/13","23/09/13","SE.162.42 20-mar-14","Educativo","Estatal",NA,NA,NA,2,375981.342,479976.972,NA,NA,855958.314
2014,"Oaxaca","Lluvia severa del 12 al 14 de septiembre de 2013",10,"14/09/13","23/09/13","SE.162.43 20-mar-14","Educativo","Estatal",NA,NA,NA,2,91796.058,91796.058,NA,NA,183592.116
2014,"Oaxaca","Movimiento de ladera ocasionado por Tormenta Tropical Manuel y  huracan Ingrid del 19 al 23 de septiembre 2013",22,"24/09/13","04/09/13","SE.160.02 03-mar-14","Carretero","Federal",21427980,NA,NA,15,345230467.464,NA,NA,NA,345230467.464
2014,"Oaxaca","Movimiento de ladera ocasionado por Tormenta Tropical Manuel y  huracan Ingrid del 19 al 23 de septiembre 2013",22,"24/09/13","04/09/13","SE.162.20 20-mar-14","Educativo","Federal",NA,NA,NA,1,1481873.424,NA,NA,NA,1481873.424
2014,"Oaxaca","Tormenta Tropical  Manuel  y  huracan  Ingrid  (Lluvia severa) del 13 al 17 de septiembre de 2013",47,"20/09/13","09/10/13","SE.162.19 20-mar-14","Educativo","Federal",NA,NA,NA,1,2715687.906,NA,NA,NA,2715687.906
2014,"Oaxaca","Tormenta Tropical  Manuel  y  huracan  Ingrid  (Lluvia severa) del 13 al 17 de septiembre de 2013",47,"20/09/13","09/10/13","SE.162.44 20-mar-14","Educativo","Estatal",NA,NA,NA,2,378959.352,386561.346,NA,NA,765520.698
2014,"San Luis Potosi","Lluvia severa e inundacion del 12 al 18 de septiembre 2013",22,"24/09/13","04/10/13","SE.162.67 20-mar-14","Educativo","Estatal",NA,NA,NA,7,788468.49,876658.662,NA,NA,1665127.152
2014,"Sinaloa"," huracan (lluvia severa) del 18 y 19 de septiembre 2013",9,"19/09/13","26/09/13","","Educativo","Federal",61667692.2,NA,NA,738,61667692.2,NA,NA,NA,61667692.2
2014,"Tamaulipas","Lluvia severa del 16 de septiembre de 2013",33,"19/09/13","25/09/13","SE.162.06 20-mar-14","Hidraulico","Federal",NA,NA,NA,25,137957174.868,NA,NA,NA,137957174.868
2014,"Tamaulipas","Lluvia severa del 16 de septiembre de 2013",33,"19/09/13","25/09/13","SE.162.23 20-mar-14","Educativo","Federal",NA,NA,NA,1,7707200.394,NA,NA,NA,7707200.394
2014,"Tamaulipas","Lluvia severa del 16 de septiembre de 2013",33,"19/09/13","25/09/13","SE.162.47 20-mar-14","Educativo","Estatal",NA,NA,NA,3,122359.536,243068.208,NA,NA,365427.744
2014,"Veracruz","Lluvia severa e inundacion Fluvial del 20 al 22 de septiembre 2013",3,"24/09/13","08/10/13","SE.162.09 20-mar-14","Carretero","Estatal",NA,NA,NA,10,63638460,63590342.4,NA,NA,127228802.4
2014,"Veracruz","Lluvia severa e inundacion Fluvial del 20 al 22 de septiembre 2013",3,"24/09/13","08/10/13","SE.162.28 20-mar-14","Educativo","Federal",NA,NA,NA,3,3466106.328,NA,NA,NA,3466106.328
2014,"Veracruz","Lluvia severa del 13 al 16 de septiembre",8,"16/09/13","26/09/13","SE.162.11 20-mar-14","Carretero","Estatal",NA,NA,NA,40,157536527.532,157973705.268,NA,NA,315510232.8
2014,"Veracruz","Lluvia severa del 9 al 10 de septiembre de 2013",8,"11/09/13","23/09/13","SE.162.10 20-mar-14","Carretero","Estatal",10039952.4,NA,NA,13,55688298,59704944,NA,NA,115393242
2014,"Veracruz","Lluvia severa del 9 al 10 de septiembre de 2013",8,"11/09/13","23/09/13","SE.162.10 20-mar-14","Hidraulico","Federal",NA,NA,NA,1,111883200,NA,NA,NA,111883200
2014,"Veracruz","Lluvia severa del 9 al 10 de septiembre de 2013",8,"11/09/13","23/09/13","SE.162.27 20-mar-14","Educativo","Federal",NA,NA,NA,1,3511021.956,NA,NA,NA,3511021.956
2014,"Veracruz","Movimiento de ladera del 30 de septiembre al 2 de octubre 2013",13,"02/10/13","11/10/13","SE.162.25 20-mar-14","Educativo","Federal",NA,NA,NA,3,5523891.678,NA,NA,NA,5523891.678
2014,"Veracruz","Movimiento de ladera del 30 de septiembre al 2 de octubre 2013",13,"02/10/13","11/10/13","SE.162.49 20-mar-14","Educativo","Estatal",NA,NA,NA,2,1821569.01,3649920.45,NA,NA,5471489.46
2014,"Zacatecas","Lluvia severa del 15 y 16 de septiembre de 2013",8,"19/09/13","26/09/13","","Educativo","Federal",4244520,NA,NA,7,4244520,NA,NA,NA,4244520
2014,"Zacatecas","Lluvia severa del 15 y 16 de septiembre de 2013",8,"19/09/13","26/09/13","SE.162.29 20-mar-14","Educativo","Federal",NA,NA,NA,3,63649285.482,NA,NA,NA,63649285.482
2014,"Zacatecas","Lluvia severa del 15 y 16 de septiembre de 2013",8,"19/09/13","26/09/13","SE.162.52 20-mar-14","Educativo","Estatal",NA,NA,NA,3,402202.5,557755.356,NA,NA,959957.856
2015,"Chiapas","c(""Lluvia severa los d\x90as 12 al 15 de septiembre"", ""Tormenta  tropical  Manuel  (Lluvia severa) del 16 y 17 de septiembre"", ""Lluvia severa el d\x90a 21 de septiembre"", ""Lluvia severa del 14 de septiembre"", ""Lluvia severa del 14 de septiembre"", ""Lluvia severa del 15 y 16 de septiembre"", ""Lluvia severa por Hurac_n \""Ingrid\"" del 13 al 18 de septiembre"", ""Lluvia severa del 14 al 18 de septiembre"", ""Lluvia severa del 15 de septiembre"", ""Lluvia severa e inundacion fluvial el 17 y 18 de septiembre"", 
""Lluvia severa, inundacion pluvial y fluvial del 14 al 17 de septiembre"", ""Movimiento de ladera del 1 y 2 de septiembre"", ""Lluvia severa del 12 al 14 de septiembre"", ""Movimiento de ladera ocasionado por Tormenta Tropical Manuel y Huracan Ingrid del 19 al 23 de septiembre"", ""Tormenta Tropical  \""Manuel\"" y Hurac_n \""Ingrid\"" (Lluvia severa) del 13 al 17 de septiembre"", ""Lluvia severa del 12 al 16 de septiembre"", "" Huracan (lluvia severa) del 18 y 19 de septiembre"", ""Lluvia severa del 16 de septiembre"", 
"" Lluvia severa del 15 y 16 de septiembre"")",3,"18/09/13","27/09/13","SE.II.05
17-abr-15","Educativo","Federal",NA,NA,NA,NA,3464742,NA,NA,NA,3464742
2015,"Colima","c(""Lluvia severa los d\x90as 12 al 15 de septiembre"", ""Tormenta  tropical  Manuel  (Lluvia severa) del 16 y 17 de septiembre"", ""Lluvia severa el d\x90a 21 de septiembre"", ""Lluvia severa del 14 de septiembre"", ""Lluvia severa del 14 de septiembre"", ""Lluvia severa del 15 y 16 de septiembre"", ""Lluvia severa por Hurac_n \""Ingrid\"" del 13 al 18 de septiembre"", ""Lluvia severa del 14 al 18 de septiembre"", ""Lluvia severa del 15 de septiembre"", ""Lluvia severa e inundacion fluvial el 17 y 18 de septiembre"", 
""Lluvia severa, inundacion pluvial y fluvial del 14 al 17 de septiembre"", ""Movimiento de ladera del 1 y 2 de septiembre"", ""Lluvia severa del 12 al 14 de septiembre"", ""Movimiento de ladera ocasionado por Tormenta Tropical Manuel y Huracan Ingrid del 19 al 23 de septiembre"", ""Tormenta Tropical  \""Manuel\"" y Hurac_n \""Ingrid\"" (Lluvia severa) del 13 al 17 de septiembre"", ""Lluvia severa del 12 al 16 de septiembre"", "" Huracan (lluvia severa) del 18 y 19 de septiembre"", ""Lluvia severa del 16 de septiembre"", 
"" Lluvia severa del 15 y 16 de septiembre"")",10,"19/09/13","25/09/13","SE.II.08
17-abr-15","Educativo","Federal",NA,NA,NA,NA,1028366,NA,NA,NA,1028366
2015,"Guanajuato","c(""Lluvia severa los d\x90as 12 al 15 de septiembre"", ""Tormenta  tropical  Manuel  (Lluvia severa) del 16 y 17 de septiembre"", ""Lluvia severa el d\x90a 21 de septiembre"", ""Lluvia severa del 14 de septiembre"", ""Lluvia severa del 14 de septiembre"", ""Lluvia severa del 15 y 16 de septiembre"", ""Lluvia severa por Hurac_n \""Ingrid\"" del 13 al 18 de septiembre"", ""Lluvia severa del 14 al 18 de septiembre"", ""Lluvia severa del 15 de septiembre"", ""Lluvia severa e inundacion fluvial el 17 y 18 de septiembre"", 
""Lluvia severa, inundacion pluvial y fluvial del 14 al 17 de septiembre"", ""Movimiento de ladera del 1 y 2 de septiembre"", ""Lluvia severa del 12 al 14 de septiembre"", ""Movimiento de ladera ocasionado por Tormenta Tropical Manuel y Huracan Ingrid del 19 al 23 de septiembre"", ""Tormenta Tropical  \""Manuel\"" y Hurac_n \""Ingrid\"" (Lluvia severa) del 13 al 17 de septiembre"", ""Lluvia severa del 12 al 16 de septiembre"", "" Huracan (lluvia severa) del 18 y 19 de septiembre"", ""Lluvia severa del 16 de septiembre"", 
"" Lluvia severa del 15 y 16 de septiembre"")",1,"23/09/13","03/10/13","SE.II.11
17-abr-15","Educativo","Federal",NA,NA,NA,NA,2796303,NA,NA,NA,2796303
2015,"Guerrero","c(""Lluvia severa los d\x90as 12 al 15 de septiembre"", ""Tormenta  tropical  Manuel  (Lluvia severa) del 16 y 17 de septiembre"", ""Lluvia severa el d\x90a 21 de septiembre"", ""Lluvia severa del 14 de septiembre"", ""Lluvia severa del 14 de septiembre"", ""Lluvia severa del 15 y 16 de septiembre"", ""Lluvia severa por Hurac_n \""Ingrid\"" del 13 al 18 de septiembre"", ""Lluvia severa del 14 al 18 de septiembre"", ""Lluvia severa del 15 de septiembre"", ""Lluvia severa e inundacion fluvial el 17 y 18 de septiembre"", 
""Lluvia severa, inundacion pluvial y fluvial del 14 al 17 de septiembre"", ""Movimiento de ladera del 1 y 2 de septiembre"", ""Lluvia severa del 12 al 14 de septiembre"", ""Movimiento de ladera ocasionado por Tormenta Tropical Manuel y Huracan Ingrid del 19 al 23 de septiembre"", ""Tormenta Tropical  \""Manuel\"" y Hurac_n \""Ingrid\"" (Lluvia severa) del 13 al 17 de septiembre"", ""Lluvia severa del 12 al 16 de septiembre"", "" Huracan (lluvia severa) del 18 y 19 de septiembre"", ""Lluvia severa del 16 de septiembre"", 
"" Lluvia severa del 15 y 16 de septiembre"")",56,"15/09/13","23/09/13","SE.II.12
17-abr-15","Educativo","Federal",NA,NA,NA,NA,176176762,NA,NA,NA,176176762
2015,"Guerrero","c(""Lluvia severa los d\x90as 12 al 15 de septiembre"", ""Tormenta  tropical  Manuel  (Lluvia severa) del 16 y 17 de septiembre"", ""Lluvia severa el d\x90a 21 de septiembre"", ""Lluvia severa del 14 de septiembre"", ""Lluvia severa del 14 de septiembre"", ""Lluvia severa del 15 y 16 de septiembre"", ""Lluvia severa por Hurac_n \""Ingrid\"" del 13 al 18 de septiembre"", ""Lluvia severa del 14 al 18 de septiembre"", ""Lluvia severa del 15 de septiembre"", ""Lluvia severa e inundacion fluvial el 17 y 18 de septiembre"", 
""Lluvia severa, inundacion pluvial y fluvial del 14 al 17 de septiembre"", ""Movimiento de ladera del 1 y 2 de septiembre"", ""Lluvia severa del 12 al 14 de septiembre"", ""Movimiento de ladera ocasionado por Tormenta Tropical Manuel y Huracan Ingrid del 19 al 23 de septiembre"", ""Tormenta Tropical  \""Manuel\"" y Hurac_n \""Ingrid\"" (Lluvia severa) del 13 al 17 de septiembre"", ""Lluvia severa del 12 al 16 de septiembre"", "" Huracan (lluvia severa) del 18 y 19 de septiembre"", ""Lluvia severa del 16 de septiembre"", 
"" Lluvia severa del 15 y 16 de septiembre"")",56,"15/09/13","23/09/13","SE.II.39
17-abr-15","Carretero","Federal",NA,NA,NA,NA,NA,NA,NA,4.5e+08,4.5e+08
2015,"Guerrero","c(""Lluvia severa los d\x90as 12 al 15 de septiembre"", ""Tormenta  tropical  Manuel  (Lluvia severa) del 16 y 17 de septiembre"", ""Lluvia severa el d\x90a 21 de septiembre"", ""Lluvia severa del 14 de septiembre"", ""Lluvia severa del 14 de septiembre"", ""Lluvia severa del 15 y 16 de septiembre"", ""Lluvia severa por Hurac_n \""Ingrid\"" del 13 al 18 de septiembre"", ""Lluvia severa del 14 al 18 de septiembre"", ""Lluvia severa del 15 de septiembre"", ""Lluvia severa e inundacion fluvial el 17 y 18 de septiembre"", 
""Lluvia severa, inundacion pluvial y fluvial del 14 al 17 de septiembre"", ""Movimiento de ladera del 1 y 2 de septiembre"", ""Lluvia severa del 12 al 14 de septiembre"", ""Movimiento de ladera ocasionado por Tormenta Tropical Manuel y Huracan Ingrid del 19 al 23 de septiembre"", ""Tormenta Tropical  \""Manuel\"" y Hurac_n \""Ingrid\"" (Lluvia severa) del 13 al 17 de septiembre"", ""Lluvia severa del 12 al 16 de septiembre"", "" Huracan (lluvia severa) del 18 y 19 de septiembre"", ""Lluvia severa del 16 de septiembre"", 
"" Lluvia severa del 15 y 16 de septiembre"")",25,"19/09/13","26/09/13","SE.II.13
17-abr-15","Educativo","Federal",NA,NA,NA,NA,41473606,NA,NA,NA,41473606
2015,"Hidalgo","c(""Lluvia severa los d\x90as 12 al 15 de septiembre"", ""Tormenta  tropical  Manuel  (Lluvia severa) del 16 y 17 de septiembre"", ""Lluvia severa el d\x90a 21 de septiembre"", ""Lluvia severa del 14 de septiembre"", ""Lluvia severa del 14 de septiembre"", ""Lluvia severa del 15 y 16 de septiembre"", ""Lluvia severa por Hurac_n \""Ingrid\"" del 13 al 18 de septiembre"", ""Lluvia severa del 14 al 18 de septiembre"", ""Lluvia severa del 15 de septiembre"", ""Lluvia severa e inundacion fluvial el 17 y 18 de septiembre"", 
""Lluvia severa, inundacion pluvial y fluvial del 14 al 17 de septiembre"", ""Movimiento de ladera del 1 y 2 de septiembre"", ""Lluvia severa del 12 al 14 de septiembre"", ""Movimiento de ladera ocasionado por Tormenta Tropical Manuel y Huracan Ingrid del 19 al 23 de septiembre"", ""Tormenta Tropical  \""Manuel\"" y Hurac_n \""Ingrid\"" (Lluvia severa) del 13 al 17 de septiembre"", ""Lluvia severa del 12 al 16 de septiembre"", "" Huracan (lluvia severa) del 18 y 19 de septiembre"", ""Lluvia severa del 16 de septiembre"", 
"" Lluvia severa del 15 y 16 de septiembre"")",31,"20/09/13","23/09/13","SE.II.16
17-abr-15","Educativo","Federal",NA,NA,NA,NA,17094978,NA,NA,NA,17094978
2015,"Jalisco","c(""Lluvia severa los d\x90as 12 al 15 de septiembre"", ""Tormenta  tropical  Manuel  (Lluvia severa) del 16 y 17 de septiembre"", ""Lluvia severa el d\x90a 21 de septiembre"", ""Lluvia severa del 14 de septiembre"", ""Lluvia severa del 14 de septiembre"", ""Lluvia severa del 15 y 16 de septiembre"", ""Lluvia severa por Hurac_n \""Ingrid\"" del 13 al 18 de septiembre"", ""Lluvia severa del 14 al 18 de septiembre"", ""Lluvia severa del 15 de septiembre"", ""Lluvia severa e inundacion fluvial el 17 y 18 de septiembre"", 
""Lluvia severa, inundacion pluvial y fluvial del 14 al 17 de septiembre"", ""Movimiento de ladera del 1 y 2 de septiembre"", ""Lluvia severa del 12 al 14 de septiembre"", ""Movimiento de ladera ocasionado por Tormenta Tropical Manuel y Huracan Ingrid del 19 al 23 de septiembre"", ""Tormenta Tropical  \""Manuel\"" y Hurac_n \""Ingrid\"" (Lluvia severa) del 13 al 17 de septiembre"", ""Lluvia severa del 12 al 16 de septiembre"", "" Huracan (lluvia severa) del 18 y 19 de septiembre"", ""Lluvia severa del 16 de septiembre"", 
"" Lluvia severa del 15 y 16 de septiembre"")",29,"21/09/13","04/10/13","SE.II.17
19-abr-15","Educativo","Federal",NA,NA,NA,NA,8181698,NA,NA,NA,8181698
2015,"Michoacan","c(""Lluvia severa los d\x90as 12 al 15 de septiembre"", ""Tormenta  tropical  Manuel  (Lluvia severa) del 16 y 17 de septiembre"", ""Lluvia severa el d\x90a 21 de septiembre"", ""Lluvia severa del 14 de septiembre"", ""Lluvia severa del 14 de septiembre"", ""Lluvia severa del 15 y 16 de septiembre"", ""Lluvia severa por Hurac_n \""Ingrid\"" del 13 al 18 de septiembre"", ""Lluvia severa del 14 al 18 de septiembre"", ""Lluvia severa del 15 de septiembre"", ""Lluvia severa e inundacion fluvial el 17 y 18 de septiembre"", 
""Lluvia severa, inundacion pluvial y fluvial del 14 al 17 de septiembre"", ""Movimiento de ladera del 1 y 2 de septiembre"", ""Lluvia severa del 12 al 14 de septiembre"", ""Movimiento de ladera ocasionado por Tormenta Tropical Manuel y Huracan Ingrid del 19 al 23 de septiembre"", ""Tormenta Tropical  \""Manuel\"" y Hurac_n \""Ingrid\"" (Lluvia severa) del 13 al 17 de septiembre"", ""Lluvia severa del 12 al 16 de septiembre"", "" Huracan (lluvia severa) del 18 y 19 de septiembre"", ""Lluvia severa del 16 de septiembre"", 
"" Lluvia severa del 15 y 16 de septiembre"")",10,"19/09/13","30/09/13","SE.I.01/2015
28-feb-15","Educativo","Federal",NA,NA,NA,NA,4106461,NA,NA,NA,4106461
2015,"Nayarit","c(""Lluvia severa los d\x90as 12 al 15 de septiembre"", ""Tormenta  tropical  Manuel  (Lluvia severa) del 16 y 17 de septiembre"", ""Lluvia severa el d\x90a 21 de septiembre"", ""Lluvia severa del 14 de septiembre"", ""Lluvia severa del 14 de septiembre"", ""Lluvia severa del 15 y 16 de septiembre"", ""Lluvia severa por Hurac_n \""Ingrid\"" del 13 al 18 de septiembre"", ""Lluvia severa del 14 al 18 de septiembre"", ""Lluvia severa del 15 de septiembre"", ""Lluvia severa e inundacion fluvial el 17 y 18 de septiembre"", 
""Lluvia severa, inundacion pluvial y fluvial del 14 al 17 de septiembre"", ""Movimiento de ladera del 1 y 2 de septiembre"", ""Lluvia severa del 12 al 14 de septiembre"", ""Movimiento de ladera ocasionado por Tormenta Tropical Manuel y Huracan Ingrid del 19 al 23 de septiembre"", ""Tormenta Tropical  \""Manuel\"" y Hurac_n \""Ingrid\"" (Lluvia severa) del 13 al 17 de septiembre"", ""Lluvia severa del 12 al 16 de septiembre"", "" Huracan (lluvia severa) del 18 y 19 de septiembre"", ""Lluvia severa del 16 de septiembre"", 
"" Lluvia severa del 15 y 16 de septiembre"")",3,"20/09/13","02/10/13","SE.II.18
17-abr-15","Educativo","Federal",NA,NA,NA,NA,4161316,NA,NA,NA,4161316
2015,"Nuevo Leon","c(""Lluvia severa los d\x90as 12 al 15 de septiembre"", ""Tormenta  tropical  Manuel  (Lluvia severa) del 16 y 17 de septiembre"", ""Lluvia severa el d\x90a 21 de septiembre"", ""Lluvia severa del 14 de septiembre"", ""Lluvia severa del 14 de septiembre"", ""Lluvia severa del 15 y 16 de septiembre"", ""Lluvia severa por Hurac_n \""Ingrid\"" del 13 al 18 de septiembre"", ""Lluvia severa del 14 al 18 de septiembre"", ""Lluvia severa del 15 de septiembre"", ""Lluvia severa e inundacion fluvial el 17 y 18 de septiembre"", 
""Lluvia severa, inundacion pluvial y fluvial del 14 al 17 de septiembre"", ""Movimiento de ladera del 1 y 2 de septiembre"", ""Lluvia severa del 12 al 14 de septiembre"", ""Movimiento de ladera ocasionado por Tormenta Tropical Manuel y Huracan Ingrid del 19 al 23 de septiembre"", ""Tormenta Tropical  \""Manuel\"" y Hurac_n \""Ingrid\"" (Lluvia severa) del 13 al 17 de septiembre"", ""Lluvia severa del 12 al 16 de septiembre"", "" Huracan (lluvia severa) del 18 y 19 de septiembre"", ""Lluvia severa del 16 de septiembre"", 
"" Lluvia severa del 15 y 16 de septiembre"")",22,"18/09/13","01/10/13","SE.II.19
17-abr-15","Educativo","Federal",NA,NA,NA,NA,2337667,NA,NA,NA,2337667
2015,"Oaxaca","c(""Lluvia severa los d\x90as 12 al 15 de septiembre"", ""Tormenta  tropical  Manuel  (Lluvia severa) del 16 y 17 de septiembre"", ""Lluvia severa el d\x90a 21 de septiembre"", ""Lluvia severa del 14 de septiembre"", ""Lluvia severa del 14 de septiembre"", ""Lluvia severa del 15 y 16 de septiembre"", ""Lluvia severa por Hurac_n \""Ingrid\"" del 13 al 18 de septiembre"", ""Lluvia severa del 14 al 18 de septiembre"", ""Lluvia severa del 15 de septiembre"", ""Lluvia severa e inundacion fluvial el 17 y 18 de septiembre"", 
""Lluvia severa, inundacion pluvial y fluvial del 14 al 17 de septiembre"", ""Movimiento de ladera del 1 y 2 de septiembre"", ""Lluvia severa del 12 al 14 de septiembre"", ""Movimiento de ladera ocasionado por Tormenta Tropical Manuel y Huracan Ingrid del 19 al 23 de septiembre"", ""Tormenta Tropical  \""Manuel\"" y Hurac_n \""Ingrid\"" (Lluvia severa) del 13 al 17 de septiembre"", ""Lluvia severa del 12 al 16 de septiembre"", "" Huracan (lluvia severa) del 18 y 19 de septiembre"", ""Lluvia severa del 16 de septiembre"", 
"" Lluvia severa del 15 y 16 de septiembre"")",1,"03/09/13","17/09/13","SE.II.20 17-
abr-15","Educativo","Federal",NA,NA,NA,NA,571320,NA,NA,NA,571320
2015,"Oaxaca","c(""Lluvia severa los d\x90as 12 al 15 de septiembre"", ""Tormenta  tropical  Manuel  (Lluvia severa) del 16 y 17 de septiembre"", ""Lluvia severa el d\x90a 21 de septiembre"", ""Lluvia severa del 14 de septiembre"", ""Lluvia severa del 14 de septiembre"", ""Lluvia severa del 15 y 16 de septiembre"", ""Lluvia severa por Hurac_n \""Ingrid\"" del 13 al 18 de septiembre"", ""Lluvia severa del 14 al 18 de septiembre"", ""Lluvia severa del 15 de septiembre"", ""Lluvia severa e inundacion fluvial el 17 y 18 de septiembre"", 
""Lluvia severa, inundacion pluvial y fluvial del 14 al 17 de septiembre"", ""Movimiento de ladera del 1 y 2 de septiembre"", ""Lluvia severa del 12 al 14 de septiembre"", ""Movimiento de ladera ocasionado por Tormenta Tropical Manuel y Huracan Ingrid del 19 al 23 de septiembre"", ""Tormenta Tropical  \""Manuel\"" y Hurac_n \""Ingrid\"" (Lluvia severa) del 13 al 17 de septiembre"", ""Lluvia severa del 12 al 16 de septiembre"", "" Huracan (lluvia severa) del 18 y 19 de septiembre"", ""Lluvia severa del 16 de septiembre"", 
"" Lluvia severa del 15 y 16 de septiembre"")",10,"14/09/13","23/09/13","SE.II.21
17-abr-15","Educativo","Federal",NA,NA,NA,NA,461951,NA,NA,NA,461951
2015,"Oaxaca","c(""Lluvia severa los d\x90as 12 al 15 de septiembre"", ""Tormenta  tropical  Manuel  (Lluvia severa) del 16 y 17 de septiembre"", ""Lluvia severa el d\x90a 21 de septiembre"", ""Lluvia severa del 14 de septiembre"", ""Lluvia severa del 14 de septiembre"", ""Lluvia severa del 15 y 16 de septiembre"", ""Lluvia severa por Hurac_n \""Ingrid\"" del 13 al 18 de septiembre"", ""Lluvia severa del 14 al 18 de septiembre"", ""Lluvia severa del 15 de septiembre"", ""Lluvia severa e inundacion fluvial el 17 y 18 de septiembre"", 
""Lluvia severa, inundacion pluvial y fluvial del 14 al 17 de septiembre"", ""Movimiento de ladera del 1 y 2 de septiembre"", ""Lluvia severa del 12 al 14 de septiembre"", ""Movimiento de ladera ocasionado por Tormenta Tropical Manuel y Huracan Ingrid del 19 al 23 de septiembre"", ""Tormenta Tropical  \""Manuel\"" y Hurac_n \""Ingrid\"" (Lluvia severa) del 13 al 17 de septiembre"", ""Lluvia severa del 12 al 16 de septiembre"", "" Huracan (lluvia severa) del 18 y 19 de septiembre"", ""Lluvia severa del 16 de septiembre"", 
"" Lluvia severa del 15 y 16 de septiembre"")",22,"24/09/13","04/10/13","SE.II.23 17-
abr-15","Educativo","Federal",NA,NA,NA,NA,5293561,NA,NA,NA,5293561
2015,"Oaxaca","c(""Lluvia severa los d\x90as 12 al 15 de septiembre"", ""Tormenta  tropical  Manuel  (Lluvia severa) del 16 y 17 de septiembre"", ""Lluvia severa el d\x90a 21 de septiembre"", ""Lluvia severa del 14 de septiembre"", ""Lluvia severa del 14 de septiembre"", ""Lluvia severa del 15 y 16 de septiembre"", ""Lluvia severa por Hurac_n \""Ingrid\"" del 13 al 18 de septiembre"", ""Lluvia severa del 14 al 18 de septiembre"", ""Lluvia severa del 15 de septiembre"", ""Lluvia severa e inundacion fluvial el 17 y 18 de septiembre"", 
""Lluvia severa, inundacion pluvial y fluvial del 14 al 17 de septiembre"", ""Movimiento de ladera del 1 y 2 de septiembre"", ""Lluvia severa del 12 al 14 de septiembre"", ""Movimiento de ladera ocasionado por Tormenta Tropical Manuel y Huracan Ingrid del 19 al 23 de septiembre"", ""Tormenta Tropical  \""Manuel\"" y Hurac_n \""Ingrid\"" (Lluvia severa) del 13 al 17 de septiembre"", ""Lluvia severa del 12 al 16 de septiembre"", "" Huracan (lluvia severa) del 18 y 19 de septiembre"", ""Lluvia severa del 16 de septiembre"", 
"" Lluvia severa del 15 y 16 de septiembre"")",47,"20/14/13","09/10/13","SE.II.22 17-
abr-15","Educativo","Federal",NA,NA,NA,NA,5778804,NA,NA,NA,5778804
2015,"Puebla","c(""Lluvia severa los d\x90as 12 al 15 de septiembre"", ""Tormenta  tropical  Manuel  (Lluvia severa) del 16 y 17 de septiembre"", ""Lluvia severa el d\x90a 21 de septiembre"", ""Lluvia severa del 14 de septiembre"", ""Lluvia severa del 14 de septiembre"", ""Lluvia severa del 15 y 16 de septiembre"", ""Lluvia severa por Hurac_n \""Ingrid\"" del 13 al 18 de septiembre"", ""Lluvia severa del 14 al 18 de septiembre"", ""Lluvia severa del 15 de septiembre"", ""Lluvia severa e inundacion fluvial el 17 y 18 de septiembre"", 
""Lluvia severa, inundacion pluvial y fluvial del 14 al 17 de septiembre"", ""Movimiento de ladera del 1 y 2 de septiembre"", ""Lluvia severa del 12 al 14 de septiembre"", ""Movimiento de ladera ocasionado por Tormenta Tropical Manuel y Huracan Ingrid del 19 al 23 de septiembre"", ""Tormenta Tropical  \""Manuel\"" y Hurac_n \""Ingrid\"" (Lluvia severa) del 13 al 17 de septiembre"", ""Lluvia severa del 12 al 16 de septiembre"", "" Huracan (lluvia severa) del 18 y 19 de septiembre"", ""Lluvia severa del 16 de septiembre"", 
"" Lluvia severa del 15 y 16 de septiembre"")",31,"16/09/13","25/09/13","SE.I.02/2015
26-feb-15","Educativo","Federal",NA,NA,NA,NA,916958,NA,NA,NA,916958
2015,"Sinaloa","c(""Lluvia severa los d\x90as 12 al 15 de septiembre"", ""Tormenta  tropical  Manuel  (Lluvia severa) del 16 y 17 de septiembre"", ""Lluvia severa el d\x90a 21 de septiembre"", ""Lluvia severa del 14 de septiembre"", ""Lluvia severa del 14 de septiembre"", ""Lluvia severa del 15 y 16 de septiembre"", ""Lluvia severa por Hurac_n \""Ingrid\"" del 13 al 18 de septiembre"", ""Lluvia severa del 14 al 18 de septiembre"", ""Lluvia severa del 15 de septiembre"", ""Lluvia severa e inundacion fluvial el 17 y 18 de septiembre"", 
""Lluvia severa, inundacion pluvial y fluvial del 14 al 17 de septiembre"", ""Movimiento de ladera del 1 y 2 de septiembre"", ""Lluvia severa del 12 al 14 de septiembre"", ""Movimiento de ladera ocasionado por Tormenta Tropical Manuel y Huracan Ingrid del 19 al 23 de septiembre"", ""Tormenta Tropical  \""Manuel\"" y Hurac_n \""Ingrid\"" (Lluvia severa) del 13 al 17 de septiembre"", ""Lluvia severa del 12 al 16 de septiembre"", "" Huracan (lluvia severa) del 18 y 19 de septiembre"", ""Lluvia severa del 16 de septiembre"", 
"" Lluvia severa del 15 y 16 de septiembre"")",9,"19/09/13","26/09/13","SE.II.26 17-
abr-15","Educativo","Federal",NA,NA,NA,NA,20903692,NA,NA,NA,20903692
2015,"Tamaulipas","c(""Lluvia severa los d\x90as 12 al 15 de septiembre"", ""Tormenta  tropical  Manuel  (Lluvia severa) del 16 y 17 de septiembre"", ""Lluvia severa el d\x90a 21 de septiembre"", ""Lluvia severa del 14 de septiembre"", ""Lluvia severa del 14 de septiembre"", ""Lluvia severa del 15 y 16 de septiembre"", ""Lluvia severa por Hurac_n \""Ingrid\"" del 13 al 18 de septiembre"", ""Lluvia severa del 14 al 18 de septiembre"", ""Lluvia severa del 15 de septiembre"", ""Lluvia severa e inundacion fluvial el 17 y 18 de septiembre"", 
""Lluvia severa, inundacion pluvial y fluvial del 14 al 17 de septiembre"", ""Movimiento de ladera del 1 y 2 de septiembre"", ""Lluvia severa del 12 al 14 de septiembre"", ""Movimiento de ladera ocasionado por Tormenta Tropical Manuel y Huracan Ingrid del 19 al 23 de septiembre"", ""Tormenta Tropical  \""Manuel\"" y Hurac_n \""Ingrid\"" (Lluvia severa) del 13 al 17 de septiembre"", ""Lluvia severa del 12 al 16 de septiembre"", "" Huracan (lluvia severa) del 18 y 19 de septiembre"", ""Lluvia severa del 16 de septiembre"", 
"" Lluvia severa del 15 y 16 de septiembre"")",33,"19/09/13","25/09/13","SE.I.03/2015
26-feb-15","Educativo","Federal",NA,NA,NA,NA,7766431,NA,NA,NA,7766431
2015,"Zacatecas","c(""Lluvia severa los d\x90as 12 al 15 de septiembre"", ""Tormenta  tropical  Manuel  (Lluvia severa) del 16 y 17 de septiembre"", ""Lluvia severa el d\x90a 21 de septiembre"", ""Lluvia severa del 14 de septiembre"", ""Lluvia severa del 14 de septiembre"", ""Lluvia severa del 15 y 16 de septiembre"", ""Lluvia severa por Hurac_n \""Ingrid\"" del 13 al 18 de septiembre"", ""Lluvia severa del 14 al 18 de septiembre"", ""Lluvia severa del 15 de septiembre"", ""Lluvia severa e inundacion fluvial el 17 y 18 de septiembre"", 
""Lluvia severa, inundacion pluvial y fluvial del 14 al 17 de septiembre"", ""Movimiento de ladera del 1 y 2 de septiembre"", ""Lluvia severa del 12 al 14 de septiembre"", ""Movimiento de ladera ocasionado por Tormenta Tropical Manuel y Huracan Ingrid del 19 al 23 de septiembre"", ""Tormenta Tropical  \""Manuel\"" y Hurac_n \""Ingrid\"" (Lluvia severa) del 13 al 17 de septiembre"", ""Lluvia severa del 12 al 16 de septiembre"", "" Huracan (lluvia severa) del 18 y 19 de septiembre"", ""Lluvia severa del 16 de septiembre"", 
"" Lluvia severa del 15 y 16 de septiembre"")",8,"19/09/13","26/09/13","SE.I.04/2015
26-feb-15","Educativo","Federal",NA,NA,NA,NA,6045483,NA,NA,NA,6045483
